"Bacteria","n","Mean % Difference","Std. Error % Difference"
"Enterococci",54,40.6160067543338,4.80267077306206
"Fecal Coliform",54,23.8198488242056,2.86436945899243
